Model,Framework,Accuracy,F1-Score,AUC-ROC,Training Time
Logistic Regression,Spark MLlib,0.9068767908309456,0.9068280281156372,0.966699507389164,81.18108
Random Forest,Spark MLlib,0.9412607449856734,0.9412531486907244,0.9854679802955668,13.933387
Linear SVM,Spark MLlib,0.8667621776504298,0.8667230572410219,0.9353530377668308,11.118534
Logistic Regression,scikit-learn,0.9197707736389685,0.919723322951848,0.9738423645320197,2.497544
Random Forest,scikit-learn,0.9441260744985673,0.9441243542245857,0.9878489326765189,9.108291
SVM,scikit-learn,0.9498567335243553,0.9498531311229245,0.9826683087027914,8.19904
