model,accuracy,precision,recall,f1_score,auc_roc,training_time
Logistic Regression,0.9017667844522969,0.9027610872075111,0.9017667844522967,0.9017732606915166,0.9584817698025259,80.313922
Random Forest,0.9526501766784452,0.9527067520241069,0.9526501766784452,0.9526551451183025,0.9873774024717469,12.374369
Linear SVM,0.8614840989399293,0.863397023224578,0.8614840989399293,0.8614475691713659,0.9390780745840798,12.356326
